First Name,Last Name,Date of Birth,Email,Username,Password,Date Joined
val,ram,2024-12-03,valaramadani@gmail.com,221111,221111,2024-12-24
vale,ramadani,2003-07-29,valaramadani@gmail.com,221111,2211112,2024-12-28
vaal,vaal,2025-02-05,vaal@ramad.com,vaal,Vara@234567,2025-02-12
val,rrr,2024-06-12,fidanramadani2009@email.com,221111,ASDAS345FSDF6555DFG,2025-02-12
val,rrr,2024-06-12,fidanramadani2009@email.com,221111,ASDAS345FSDF6555DFG,2025-02-12
val,ramadani,2025-02-06,fidanramadani2009@email.com,221111,Vara+003,2025-02-12
val,ram,2025-02-04,valaramadan@gmail.com,221111,Vara+003,2025-02-13
